"Invoice ID",Branch,City,Total,order_category
750-67-8428,A,Yangon,548.9715,"Above Average"
226-31-3081,C,Naypyitaw,80.22,"Below Average"
631-41-3108,A,Yangon,340.5255,"Above Average"
123-19-1176,A,Yangon,489.048,"Above Average"
373-73-7910,A,Yangon,634.3785,"Above Average"
699-14-3026,C,Naypyitaw,627.6165,"Above Average"
355-53-5943,A,Yangon,433.692,"Above Average"
315-22-5665,C,Naypyitaw,772.38,"Above Average"
665-32-9167,A,Yangon,76.146,"Below Average"
692-92-5582,B,Mandalay,172.746,"Below Average"
351-62-0822,B,Mandalay,60.816,"Below Average"
529-56-3974,B,Mandalay,107.142,"Below Average"
365-64-0515,A,Yangon,246.4875,"Below Average"
252-56-2699,A,Yangon,453.495,"Above Average"
829-34-3910,A,Yangon,749.49,"Above Average"
299-46-1805,B,Mandalay,590.436,"Above Average"
656-95-9349,A,Yangon,506.6355,"Above Average"
765-26-6951,A,Yangon,457.443,"Above Average"
329-62-1586,A,Yangon,172.2105,"Below Average"
319-50-3348,B,Mandalay,84.63,"Below Average"
300-71-4605,C,Naypyitaw,451.71,"Above Average"
371-85-5789,B,Mandalay,277.137,"Below Average"
273-16-6619,B,Mandalay,69.72,"Below Average"
636-48-8204,A,Yangon,181.44,"Below Average"
549-59-1358,A,Yangon,279.1845,"Below Average"
227-03-5010,A,Yangon,441.756,"Above Average"
649-29-6775,B,Mandalay,35.196,"Below Average"
189-17-4241,A,Yangon,184.107,"Below Average"
145-94-9061,B,Mandalay,463.89,"Above Average"
848-62-7243,A,Yangon,235.2105,"Below Average"
871-79-8483,B,Mandalay,494.1825,"Above Average"
149-71-6266,B,Mandalay,737.7615,"Above Average"
640-49-2076,B,Mandalay,703.752,"Above Average"
595-11-5460,A,Yangon,202.818,"Below Average"
183-56-6882,C,Naypyitaw,417.564,"Above Average"
232-16-2483,C,Naypyitaw,71.526,"Below Average"
129-29-8530,A,Yangon,328.755,"Above Average"
272-65-1806,A,Yangon,575.316,"Above Average"
333-73-7901,C,Naypyitaw,461.328,"Above Average"
777-82-7220,B,Mandalay,253.008,"Below Average"
280-35-5823,B,Mandalay,91.056,"Below Average"
554-53-8700,C,Naypyitaw,117.831,"Below Average"
354-25-5821,B,Mandalay,435.456,"Above Average"
228-96-1411,C,Naypyitaw,829.08,"Above Average"
617-15-4209,C,Naypyitaw,32.277,"Below Average"
132-32-9879,B,Mandalay,394.632,"Above Average"
370-41-7321,B,Mandalay,535.7205,"Above Average"
727-46-3608,B,Mandalay,189.0945,"Below Average"
669-54-1719,B,Mandalay,119.259,"Below Average"
574-22-5561,C,Naypyitaw,867.615,"Above Average"
326-78-5178,C,Naypyitaw,671.79,"Above Average"
162-48-8011,A,Yangon,234.0975,"Below Average"
616-24-2851,B,Mandalay,75.054,"Below Average"
778-71-5554,C,Naypyitaw,16.2015,"Below Average"
242-55-6721,B,Mandalay,33.936,"Below Average"
399-46-5918,C,Naypyitaw,722.232,"Above Average"
106-35-6779,A,Yangon,93.114,"Below Average"
635-40-6220,A,Yangon,752.64,"Above Average"
817-48-8732,A,Yangon,759.675,"Above Average"
120-06-4233,C,Naypyitaw,192.843,"Below Average"
285-68-5083,C,Naypyitaw,77.931,"Below Average"
803-83-5989,C,Naypyitaw,351.099,"Above Average"
347-34-2234,B,Mandalay,520.4115,"Above Average"
199-75-8169,A,Yangon,166.005,"Below Average"
853-23-2453,B,Mandalay,318.108,"Below Average"
877-22-3308,A,Yangon,166.635,"Below Average"
838-78-4295,C,Naypyitaw,70.287,"Below Average"
109-28-2512,B,Mandalay,614.943,"Above Average"
232-11-3025,A,Yangon,827.085,"Above Average"
382-03-4532,A,Yangon,19.2465,"Below Average"
393-65-2792,C,Naypyitaw,939.54,"Above Average"
796-12-2025,C,Naypyitaw,652.26,"Above Average"
510-95-6347,B,Mandalay,152.838,"Below Average"
841-35-6630,C,Naypyitaw,478.233,"Above Average"
287-21-9091,A,Yangon,705.6315,"Above Average"
732-94-0499,C,Naypyitaw,437.325,"Above Average"
263-10-3913,C,Naypyitaw,463.428,"Above Average"
381-20-0914,A,Yangon,189.0945,"Below Average"
829-49-1914,C,Naypyitaw,822.255,"Above Average"
756-01-7507,C,Naypyitaw,106.995,"Below Average"
870-72-4431,C,Naypyitaw,624.897,"Above Average"
847-38-7188,B,Mandalay,304.542,"Below Average"
480-63-2856,C,Naypyitaw,161.7,"Below Average"
787-56-0757,C,Naypyitaw,337.512,"Above Average"
360-39-5055,C,Naypyitaw,256.7775,"Below Average"
730-50-9884,C,Naypyitaw,610.491,"Above Average"
362-58-8315,C,Naypyitaw,401.73,"Above Average"
633-44-8566,A,Yangon,362.943,"Above Average"
504-35-8843,A,Yangon,44.5935,"Below Average"
318-68-5053,B,Mandalay,485.037,"Above Average"
565-80-5980,C,Naypyitaw,198.996,"Below Average"
225-32-0908,C,Naypyitaw,471.03,"Above Average"
873-51-0671,A,Yangon,161.553,"Below Average"
152-08-9985,B,Mandalay,608.202,"Above Average"
512-91-0811,C,Naypyitaw,94.2375,"Below Average"
594-34-4444,A,Yangon,102.018,"Below Average"
766-85-7061,B,Mandalay,922.635,"Above Average"
871-39-9221,C,Naypyitaw,78.435,"Below Average"
865-92-6136,A,Yangon,166.1625,"Below Average"
733-01-9107,B,Mandalay,521.01,"Above Average"
163-56-7055,C,Naypyitaw,51.1455,"Below Average"
189-98-2939,C,Naypyitaw,742.2975,"Above Average"
551-21-3069,C,Naypyitaw,218.0115,"Below Average"
212-62-1842,A,Yangon,367.038,"Above Average"
716-39-1409,B,Mandalay,223.0725,"Below Average"
704-48-3927,A,Yangon,931.035,"Above Average"
628-34-3388,C,Naypyitaw,172.494,"Below Average"
630-74-5166,A,Yangon,391.419,"Above Average"
588-01-7461,C,Naypyitaw,321.111,"Below Average"
861-77-0145,C,Naypyitaw,860.685,"Above Average"
479-26-8945,B,Mandalay,34.629,"Below Average"
210-67-5886,C,Naypyitaw,309.3615,"Below Average"
227-78-1148,B,Mandalay,535.374,"Above Average"
645-44-1170,A,Yangon,548.7615,"Above Average"
237-01-6122,C,Naypyitaw,763.4655,"Above Average"
225-98-1496,C,Naypyitaw,85.113,"Below Average"
291-32-1427,B,Mandalay,115.185,"Below Average"
659-65-8956,B,Mandalay,53.928,"Below Average"
642-32-2990,A,Yangon,115.08,"Below Average"
378-24-2715,B,Mandalay,112.224,"Below Average"
638-60-7125,A,Yangon,836.304,"Above Average"
659-36-1684,C,Naypyitaw,419.832,"Above Average"
219-22-9386,B,Mandalay,944.622,"Above Average"
336-78-2147,C,Naypyitaw,536.844,"Above Average"
268-27-6179,B,Mandalay,474.348,"Above Average"
668-90-8900,A,Yangon,688.6215,"Above Average"
870-54-3162,A,Yangon,169.3125,"Below Average"
189-08-9157,C,Naypyitaw,299.8485,"Below Average"
663-86-9076,C,Naypyitaw,575.736,"Above Average"
549-84-7482,B,Mandalay,853.146,"Above Average"
191-10-6171,B,Mandalay,291.207,"Below Average"
802-70-5316,A,Yangon,580.419,"Above Average"
695-51-0018,B,Mandalay,146.328,"Below Average"
590-83-4591,B,Mandalay,550.935,"Above Average"
483-71-1164,C,Naypyitaw,512.19,"Above Average"
597-78-7908,C,Naypyitaw,284.193,"Below Average"
700-81-1757,A,Yangon,138.1275,"Below Average"
354-39-5160,A,Yangon,216.846,"Below Average"
241-72-9525,B,Mandalay,545.055,"Above Average"
575-30-8091,A,Yangon,609,"Above Average"
731-81-9469,C,Naypyitaw,942.9,"Above Average"
280-17-4359,C,Naypyitaw,950.25,"Above Average"
338-65-2210,C,Naypyitaw,720.3,"Above Average"
488-25-4221,C,Naypyitaw,31.9305,"Below Average"
239-10-7476,A,Yangon,491.085,"Above Average"
458-41-1477,C,Naypyitaw,291.438,"Below Average"
685-64-1609,A,Yangon,316.47,"Below Average"
568-90-5112,C,Naypyitaw,277.788,"Below Average"
262-47-2794,B,Mandalay,603.624,"Above Average"
238-49-0436,A,Yangon,272.664,"Below Average"
608-96-3517,B,Mandalay,384.468,"Above Average"
584-86-7256,C,Naypyitaw,254.016,"Below Average"
746-94-0204,A,Yangon,786.618,"Above Average"
214-17-6927,C,Naypyitaw,103.824,"Below Average"
400-89-4171,C,Naypyitaw,680.148,"Above Average"
782-95-9291,A,Yangon,484.5225,"Above Average"
279-74-2924,B,Mandalay,75.7785,"Below Average"
307-85-2293,B,Mandalay,263.97,"Below Average"
743-04-1105,B,Mandalay,918.729,"Above Average"
423-57-2993,B,Mandalay,588.357,"Above Average"
894-41-5205,C,Naypyitaw,362.712,"Above Average"
275-28-0149,A,Yangon,66.8745,"Below Average"
101-17-6199,A,Yangon,336.5565,"Above Average"
423-80-0988,C,Naypyitaw,160.44,"Below Average"
548-46-9322,B,Mandalay,418.95,"Above Average"
505-02-0892,B,Mandalay,357.588,"Above Average"
234-65-2137,C,Naypyitaw,1003.59,"Above Average"
687-47-8271,A,Yangon,1039.29,"Above Average"
796-32-9050,A,Yangon,323.064,"Above Average"
105-31-1824,A,Yangon,510.972,"Above Average"
249-42-3782,A,Yangon,367.5525,"Above Average"
316-55-4634,B,Mandalay,420.2625,"Above Average"
733-33-4967,C,Naypyitaw,175.14,"Below Average"
608-27-6295,B,Mandalay,333.207,"Above Average"
414-12-7047,B,Mandalay,166.236,"Below Average"
827-26-2100,A,Yangon,319.788,"Below Average"
175-54-2529,A,Yangon,186.228,"Below Average"
139-52-2867,C,Naypyitaw,165.4485,"Below Average"
407-63-8975,A,Yangon,465.444,"Above Average"
342-65-4817,C,Naypyitaw,273.42,"Below Average"
130-98-8941,C,Naypyitaw,472.311,"Above Average"
434-83-9547,C,Naypyitaw,323.148,"Above Average"
851-28-6367,A,Yangon,162.75,"Below Average"
824-88-3614,C,Naypyitaw,288.204,"Below Average"
586-25-0848,A,Yangon,90.699,"Below Average"
895-66-0685,B,Mandalay,56.952,"Below Average"
305-14-0245,B,Mandalay,793.716,"Above Average"
732-04-5373,B,Mandalay,195.174,"Below Average"
400-60-7251,A,Yangon,77.7735,"Below Average"
593-65-1552,C,Naypyitaw,293.202,"Below Average"
284-34-9626,B,Mandalay,242.676,"Below Average"
437-58-8131,B,Mandalay,154.392,"Below Average"
286-43-6208,C,Naypyitaw,829.71,"Above Average"
641-43-2399,B,Mandalay,107.31,"Below Average"
831-07-6050,A,Yangon,171.7275,"Below Average"
556-86-3144,C,Naypyitaw,78.0045,"Below Average"
848-24-9445,C,Naypyitaw,91.77,"Below Average"
856-22-8149,A,Yangon,26.5545,"Below Average"
699-01-4164,C,Naypyitaw,174.3,"Below Average"
420-11-4919,C,Naypyitaw,374.7975,"Above Average"
606-80-4905,C,Naypyitaw,120.645,"Below Average"
542-41-0513,B,Mandalay,241.458,"Below Average"
426-39-2418,C,Naypyitaw,451.3635,"Above Average"
875-46-5808,B,Mandalay,271.95,"Below Average"
394-43-4238,B,Mandalay,93.2925,"Below Average"
749-24-1565,A,Yangon,217.6335,"Below Average"
672-51-8681,C,Naypyitaw,629.8425,"Above Average"
263-87-5680,C,Naypyitaw,299.565,"Below Average"
573-58-9734,B,Mandalay,95.6655,"Below Average"
817-69-8206,B,Mandalay,942.4485,"Above Average"
888-02-0338,A,Yangon,247.8735,"Below Average"
677-11-0152,C,Naypyitaw,881.307,"Above Average"
142-63-6033,B,Mandalay,484.89,"Above Average"
656-16-1063,B,Mandalay,146.223,"Below Average"
891-58-8335,B,Mandalay,217.6335,"Below Average"
802-43-8934,A,Yangon,19.194,"Below Average"
560-30-5617,B,Mandalay,130.0425,"Below Average"
319-74-2561,A,Yangon,298.116,"Below Average"
549-03-9315,B,Mandalay,796.908,"Above Average"
790-29-1172,B,Mandalay,180.621,"Below Average"
239-36-3640,B,Mandalay,285.705,"Below Average"
468-01-2051,B,Mandalay,456.288,"Above Average"
389-25-3394,C,Naypyitaw,62.0025,"Below Average"
279-62-1445,C,Naypyitaw,13.167,"Below Average"
213-72-6612,A,Yangon,90.825,"Below Average"
746-68-6593,C,Naypyitaw,183.036,"Below Average"
836-82-5858,B,Mandalay,655.5465,"Above Average"
583-72-1480,C,Naypyitaw,155.652,"Below Average"
466-61-5506,B,Mandalay,571.41,"Above Average"
721-86-6247,A,Yangon,532.728,"Above Average"
289-65-5721,B,Mandalay,170.877,"Below Average"
545-46-3100,B,Mandalay,33.3585,"Below Average"
418-02-5978,B,Mandalay,794.6505,"Above Average"
269-04-5750,B,Mandalay,310.044,"Below Average"
157-13-5295,A,Yangon,545.37,"Above Average"
645-78-8093,A,Yangon,195.594,"Below Average"
211-30-9270,C,Naypyitaw,91.4025,"Below Average"
755-12-3214,C,Naypyitaw,232.155,"Below Average"
346-84-3103,B,Mandalay,69.405,"Below Average"
478-06-7835,A,Yangon,94.1745,"Below Average"
540-11-4336,A,Yangon,235.683,"Below Average"
448-81-5016,A,Yangon,125.517,"Below Average"
142-72-4741,C,Naypyitaw,195.72,"Below Average"
217-58-1179,A,Yangon,263.13,"Below Average"
376-02-8238,B,Mandalay,788.508,"Above Average"
530-90-9855,A,Yangon,399.756,"Above Average"
866-05-7563,B,Mandalay,256.41,"Below Average"
604-70-6476,A,Yangon,94.185,"Below Average"
799-71-1548,A,Yangon,326.424,"Above Average"
785-13-7708,B,Mandalay,536.991,"Above Average"
845-51-0542,B,Mandalay,439.8975,"Above Average"
662-47-5456,C,Naypyitaw,369.495,"Above Average"
883-17-4236,C,Naypyitaw,30.219,"Below Average"
290-68-2984,A,Yangon,99.75,"Below Average"
704-11-6354,A,Yangon,494.76,"Above Average"
110-48-7033,B,Mandalay,137.004,"Below Average"
366-93-0948,A,Yangon,69.6675,"Below Average"
729-09-9681,A,Yangon,163.233,"Below Average"
151-16-1484,A,Yangon,135.45,"Below Average"
380-94-4661,C,Naypyitaw,276.948,"Below Average"
850-41-9669,A,Yangon,709.317,"Above Average"
821-07-3596,C,Naypyitaw,69.09,"Below Average"
655-85-5130,B,Mandalay,160.86,"Below Average"
447-15-7839,A,Yangon,233.52,"Below Average"
154-74-7179,B,Mandalay,57.1725,"Below Average"
253-12-6086,A,Yangon,723.24,"Above Average"
808-65-0703,C,Naypyitaw,148.974,"Below Average"
571-94-0759,B,Mandalay,783.3,"Above Average"
144-51-6085,A,Yangon,297.108,"Below Average"
731-14-2199,A,Yangon,373.17,"Above Average"
783-09-1637,B,Mandalay,354.0075,"Above Average"
687-15-1097,C,Naypyitaw,44.352,"Below Average"
126-54-1082,A,Yangon,203.553,"Below Average"
633-91-1052,A,Yangon,25.263,"Below Average"
477-24-6490,B,Mandalay,628.173,"Above Average"
566-19-5475,B,Mandalay,352.5795,"Above Average"
526-86-8552,C,Naypyitaw,229.11,"Below Average"
376-56-3573,C,Naypyitaw,400.764,"Above Average"
537-72-0426,C,Naypyitaw,745.395,"Above Average"
828-61-5674,A,Yangon,462.21,"Above Average"
136-08-6195,A,Yangon,587.664,"Above Average"
523-38-0215,C,Naypyitaw,38.85,"Below Average"
490-29-1201,A,Yangon,16.107,"Below Average"
667-92-0055,A,Yangon,628.929,"Above Average"
565-17-3836,A,Yangon,200.214,"Below Average"
498-41-1961,B,Mandalay,350.07,"Above Average"
593-95-4461,C,Naypyitaw,78.603,"Below Average"
226-71-3580,C,Naypyitaw,224.4375,"Below Average"
283-79-9594,B,Mandalay,356.5485,"Above Average"
430-60-3493,A,Yangon,697.368,"Above Average"
139-20-0155,B,Mandalay,423.15,"Above Average"
558-80-4082,C,Naypyitaw,204.6975,"Below Average"
278-97-7759,A,Yangon,65.604,"Below Average"
316-68-6352,A,Yangon,76.356,"Below Average"
585-03-5943,B,Mandalay,190.155,"Below Average"
211-05-0490,C,Naypyitaw,272.58,"Below Average"
727-75-6477,C,Naypyitaw,121.128,"Below Average"
744-02-5987,A,Yangon,493.794,"Above Average"
307-83-9164,A,Yangon,252.042,"Below Average"
779-06-0012,C,Naypyitaw,93.0405,"Below Average"
446-47-6729,C,Naypyitaw,209.622,"Below Average"
573-10-3877,B,Mandalay,40.9605,"Below Average"
735-06-4124,C,Naypyitaw,51.0405,"Below Average"
439-54-7422,A,Yangon,214.998,"Below Average"
396-90-2219,B,Mandalay,125.664,"Below Average"
411-77-0180,A,Yangon,530.67,"Above Average"
286-01-5402,A,Yangon,295.6905,"Below Average"
803-17-8013,A,Yangon,745.836,"Above Average"
512-98-1403,A,Yangon,83.412,"Below Average"
848-42-2560,A,Yangon,172.011,"Below Average"
532-59-7201,B,Mandalay,503.559,"Above Average"
181-94-6432,C,Naypyitaw,145.593,"Below Average"
870-76-1733,A,Yangon,74.7075,"Below Average"
423-64-4619,A,Yangon,146.9475,"Below Average"
227-07-4446,C,Naypyitaw,820.365,"Above Average"
174-36-3675,C,Naypyitaw,208.677,"Below Average"
428-83-5800,C,Naypyitaw,66.402,"Below Average"
603-07-0961,C,Naypyitaw,392.6475,"Above Average"
704-20-4138,C,Naypyitaw,218.0745,"Below Average"
787-15-1757,C,Naypyitaw,185.094,"Below Average"
649-11-3678,C,Naypyitaw,216.6885,"Below Average"
622-20-1945,C,Naypyitaw,41.391,"Below Average"
372-94-8041,A,Yangon,96.138,"Below Average"
563-91-7120,A,Yangon,324.2925,"Above Average"
746-54-5508,A,Yangon,135.576,"Below Average"
276-54-0879,B,Mandalay,410.508,"Above Average"
815-11-1168,A,Yangon,523.845,"Above Average"
719-76-3868,C,Naypyitaw,395.892,"Above Average"
730-61-8757,B,Mandalay,214.746,"Below Average"
340-66-0321,A,Yangon,152.712,"Below Average"
868-81-1752,B,Mandalay,208.089,"Below Average"
634-97-8956,A,Yangon,103.635,"Below Average"
566-71-1091,A,Yangon,404.355,"Above Average"
442-48-3607,A,Yangon,49.308,"Below Average"
835-16-0096,C,Naypyitaw,77.175,"Below Average"
527-09-6272,A,Yangon,149.3625,"Below Average"
898-04-2717,A,Yangon,721.98,"Above Average"
692-27-8933,B,Mandalay,365.085,"Above Average"
633-09-3463,C,Naypyitaw,150.0975,"Below Average"
374-17-3652,B,Mandalay,404.649,"Above Average"
378-07-7001,B,Mandalay,151.4835,"Below Average"
433-75-6987,B,Mandalay,411.3795,"Above Average"
873-95-4984,B,Mandalay,565.215,"Above Average"
416-13-5917,C,Naypyitaw,509.4075,"Above Average"
150-89-8043,A,Yangon,140.6475,"Below Average"
135-84-8019,A,Yangon,736.4385,"Above Average"
441-94-7118,A,Yangon,75.5475,"Below Average"
725-96-3778,C,Naypyitaw,749.7,"Above Average"
531-80-1784,A,Yangon,191.247,"Below Average"
400-45-1220,B,Mandalay,141.75,"Below Average"
860-79-0874,C,Naypyitaw,1042.65,"Above Average"
834-61-8124,A,Yangon,379.9215,"Above Average"
115-99-4379,B,Mandalay,402.2655,"Above Average"
565-67-6697,B,Mandalay,255.15,"Below Average"
320-49-6392,C,Naypyitaw,31.752,"Below Average"
889-04-9723,B,Mandalay,374.388,"Above Average"
632-90-0281,C,Naypyitaw,394.275,"Above Average"
554-42-2417,C,Naypyitaw,1002.12,"Above Average"
453-63-6187,B,Mandalay,86.625,"Below Average"
578-80-7669,B,Mandalay,78.7185,"Below Average"
612-36-5536,A,Yangon,680.064,"Above Average"
605-72-4132,C,Naypyitaw,793.548,"Above Average"
471-41-2823,C,Naypyitaw,209.559,"Below Average"
462-67-9126,A,Yangon,461.286,"Above Average"
272-27-9238,C,Naypyitaw,173.208,"Below Average"
834-25-9262,C,Naypyitaw,343.056,"Above Average"
122-61-9553,C,Naypyitaw,484.974,"Above Average"
468-88-0009,A,Yangon,276.948,"Below Average"
613-59-9758,C,Naypyitaw,150.78,"Below Average"
254-31-0042,A,Yangon,203.175,"Below Average"
201-86-2184,B,Mandalay,193.011,"Below Average"
261-12-8671,B,Mandalay,128.016,"Below Average"
730-70-9830,C,Naypyitaw,441.693,"Above Average"
382-25-8917,C,Naypyitaw,265.104,"Below Average"
422-29-8786,A,Yangon,352.2225,"Above Average"
667-23-5919,A,Yangon,507.675,"Above Average"
843-01-4703,B,Mandalay,334.341,"Above Average"
743-88-1662,C,Naypyitaw,701.8515,"Above Average"
595-86-2894,C,Naypyitaw,407.316,"Above Average"
182-69-8360,B,Mandalay,99.33,"Below Average"
289-15-7034,A,Yangon,345.786,"Above Average"
462-78-5240,C,Naypyitaw,55.881,"Below Average"
868-52-7573,B,Mandalay,523.3725,"Above Average"
153-58-4872,C,Naypyitaw,314.538,"Below Average"
662-72-2873,A,Yangon,214.935,"Below Average"
525-88-7307,B,Mandalay,79.611,"Below Average"
689-16-9784,C,Naypyitaw,294.651,"Below Average"
725-56-0833,A,Yangon,339.36,"Above Average"
394-41-0748,C,Naypyitaw,510.9615,"Above Average"
596-42-3999,B,Mandalay,133.917,"Below Average"
541-89-9860,C,Naypyitaw,253.512,"Below Average"
173-82-9529,B,Mandalay,398.475,"Above Average"
563-36-9814,A,Yangon,80.661,"Below Average"
308-47-4913,A,Yangon,548.73,"Above Average"
885-17-6250,A,Yangon,83.727,"Below Average"
726-27-2396,A,Yangon,406.875,"Above Average"
316-01-3952,A,Yangon,284.9175,"Below Average"
760-54-1821,B,Mandalay,128.4255,"Below Average"
793-10-3222,B,Mandalay,258.678,"Below Average"
346-12-3257,B,Mandalay,181.818,"Below Average"
110-05-6330,C,Naypyitaw,248.409,"Below Average"
651-61-0874,C,Naypyitaw,194.124,"Below Average"
236-86-3015,C,Naypyitaw,14.679,"Below Average"
831-64-0259,B,Mandalay,208.6875,"Below Average"
587-03-7455,C,Naypyitaw,718.7565,"Above Average"
882-40-4577,A,Yangon,282.492,"Below Average"
732-67-5346,A,Yangon,72.3975,"Below Average"
725-32-9708,B,Mandalay,288.582,"Below Average"
256-08-8343,A,Yangon,237.426,"Below Average"
372-26-1506,C,Naypyitaw,125.055,"Below Average"
244-08-0162,B,Mandalay,359.205,"Above Average"
569-71-4390,B,Mandalay,45.927,"Below Average"
132-23-6451,A,Yangon,110.0925,"Below Average"
696-90-2548,A,Yangon,81.396,"Below Average"
472-15-9636,A,Yangon,427.812,"Above Average"
268-03-6164,B,Mandalay,100.9155,"Below Average"
750-57-9686,C,Naypyitaw,190.596,"Below Average"
186-09-3669,C,Naypyitaw,85.5855,"Below Average"
848-07-1692,B,Mandalay,120.162,"Below Average"
745-71-3520,A,Yangon,185.367,"Below Average"
266-76-6436,C,Naypyitaw,121.59,"Below Average"
740-22-2500,C,Naypyitaw,264.7575,"Below Average"
271-88-8734,C,Naypyitaw,1020.705,"Above Average"
301-81-8610,B,Mandalay,213.528,"Below Average"
489-64-4354,C,Naypyitaw,17.094,"Below Average"
198-84-7132,B,Mandalay,383.7645,"Above Average"
269-10-8440,A,Yangon,390.7995,"Above Average"
650-98-6268,B,Mandalay,65.7405,"Below Average"
741-73-3559,B,Mandalay,353.1675,"Above Average"
325-77-6186,A,Yangon,951.825,"Above Average"
286-75-7818,B,Mandalay,145.068,"Below Average"
574-57-9721,C,Naypyitaw,90.867,"Below Average"
459-50-7686,A,Yangon,147.798,"Below Average"
616-87-0016,B,Mandalay,702.219,"Above Average"
837-55-7229,B,Mandalay,49.812,"Below Average"
751-69-0068,C,Naypyitaw,937.818,"Above Average"
257-73-1380,C,Naypyitaw,348.306,"Above Average"
345-08-4992,A,Yangon,214.137,"Below Average"
549-96-4200,C,Naypyitaw,71.568,"Below Average"
810-60-6344,C,Naypyitaw,343.224,"Above Average"
450-28-2866,C,Naypyitaw,91.56,"Below Average"
394-30-3170,B,Mandalay,742.812,"Above Average"
138-17-5109,A,Yangon,843.0345,"Above Average"
192-98-7397,C,Naypyitaw,13.419,"Below Average"
301-11-9629,A,Yangon,140.385,"Below Average"
390-80-5128,B,Mandalay,20.1075,"Below Average"
235-46-8343,C,Naypyitaw,290.43,"Below Average"
453-12-7053,C,Naypyitaw,144.081,"Below Average"
296-11-7041,B,Mandalay,28.4235,"Below Average"
449-27-2918,B,Mandalay,41.076,"Below Average"
891-01-7034,B,Mandalay,470.673,"Above Average"
744-09-5786,B,Mandalay,138.663,"Below Average"
727-17-0390,A,Yangon,333.9525,"Above Average"
568-88-3448,A,Yangon,26.25,"Below Average"
187-83-5490,A,Yangon,87.234,"Below Average"
767-54-1907,B,Mandalay,155.19,"Below Average"
710-46-4433,B,Mandalay,731.43,"Above Average"
533-33-5337,B,Mandalay,833.595,"Above Average"
325-90-8763,C,Naypyitaw,488.985,"Above Average"
729-46-7422,C,Naypyitaw,37.6845,"Below Average"
639-76-1242,C,Naypyitaw,212.73,"Below Average"
234-03-4040,B,Mandalay,767.025,"Above Average"
326-71-2155,C,Naypyitaw,310.59,"Below Average"
320-32-8842,C,Naypyitaw,23.751,"Below Average"
470-32-9057,A,Yangon,269.535,"Below Average"
878-30-2331,C,Naypyitaw,572.775,"Above Average"
440-59-5691,C,Naypyitaw,273.0525,"Below Average"
554-53-3790,B,Mandalay,233.226,"Below Average"
746-19-0921,C,Naypyitaw,22.659,"Below Average"
233-34-0817,C,Naypyitaw,103.782,"Below Average"
767-05-1286,C,Naypyitaw,527.751,"Above Average"
340-21-9136,A,Yangon,168.21,"Below Average"
405-31-3305,A,Yangon,452.865,"Above Average"
731-59-7531,B,Mandalay,609.588,"Above Average"
676-39-6028,A,Yangon,338.31,"Above Average"
502-05-1910,A,Yangon,205.317,"Below Average"
485-30-8700,A,Yangon,174.615,"Below Average"
598-47-9715,C,Naypyitaw,353.094,"Above Average"
701-69-8742,B,Mandalay,360.885,"Above Average"
575-67-1508,A,Yangon,40.53,"Below Average"
541-08-3113,C,Naypyitaw,554.148,"Above Average"
246-11-3901,C,Naypyitaw,344.4,"Above Average"
674-15-9296,A,Yangon,194.985,"Below Average"
305-18-3552,B,Mandalay,633.99,"Above Average"
493-65-6248,C,Naypyitaw,388.29,"Above Average"
438-01-4015,B,Mandalay,207.858,"Below Average"
709-58-4068,B,Mandalay,431.445,"Above Average"
795-49-7276,A,Yangon,156.03,"Below Average"
556-72-8512,C,Naypyitaw,24.108,"Below Average"
627-95-3243,B,Mandalay,734.076,"Above Average"
686-41-0932,B,Mandalay,72.87,"Below Average"
510-09-5628,A,Yangon,206.43,"Below Average"
608-04-3797,B,Mandalay,212.688,"Below Average"
148-82-2527,C,Naypyitaw,127.26,"Below Average"
437-53-3084,B,Mandalay,209.769,"Below Average"
632-32-4574,B,Mandalay,637.728,"Above Average"
556-97-7101,C,Naypyitaw,132.762,"Below Average"
862-59-8517,C,Naypyitaw,568.512,"Above Average"
401-18-8016,B,Mandalay,103.0365,"Below Average"
420-18-8989,A,Yangon,432.768,"Above Average"
277-63-2961,B,Mandalay,77.6685,"Below Average"
573-98-8548,C,Naypyitaw,33.495,"Below Average"
620-02-2046,C,Naypyitaw,145.74,"Below Average"
282-35-2475,B,Mandalay,195.951,"Below Average"
511-54-3087,B,Mandalay,92.8725,"Below Average"
726-29-6793,A,Yangon,203.112,"Below Average"
387-49-4215,B,Mandalay,152.775,"Below Average"
862-17-9201,B,Mandalay,529.515,"Above Average"
291-21-5991,B,Mandalay,321.7725,"Below Average"
602-80-9671,C,Naypyitaw,100.485,"Below Average"
347-72-6115,B,Mandalay,666.939,"Above Average"
209-61-0206,A,Yangon,225.2775,"Below Average"
595-27-4851,A,Yangon,398.958,"Above Average"
189-52-0236,A,Yangon,731.6925,"Above Average"
503-07-0930,C,Naypyitaw,429.1665,"Above Average"
413-20-6708,C,Naypyitaw,54.0435,"Below Average"
425-85-2085,B,Mandalay,288.015,"Below Average"
521-18-7827,C,Naypyitaw,206.7975,"Below Average"
220-28-1851,A,Yangon,72.933,"Below Average"
600-38-9738,C,Naypyitaw,377.58,"Above Average"
734-91-1155,B,Mandalay,143.9865,"Below Average"
451-28-5717,C,Naypyitaw,523.971,"Above Average"
609-81-8548,A,Yangon,235.872,"Below Average"
133-14-7229,C,Naypyitaw,132.027,"Below Average"
534-01-4457,A,Yangon,514.773,"Above Average"
719-89-8991,A,Yangon,479.9025,"Above Average"
286-62-6248,B,Mandalay,164.682,"Below Average"
339-38-9982,B,Mandalay,125.706,"Below Average"
827-44-5872,B,Mandalay,570.78,"Above Average"
827-77-7633,A,Yangon,926.9505,"Above Average"
287-83-1405,A,Yangon,160.209,"Below Average"
435-13-4908,A,Yangon,728.112,"Above Average"
857-67-9057,B,Mandalay,240.975,"Below Average"
236-27-1144,C,Naypyitaw,154.1295,"Below Average"
892-05-6689,A,Yangon,148.68,"Below Average"
583-41-4548,C,Naypyitaw,122.5245,"Below Average"
339-12-4827,B,Mandalay,77.658,"Below Average"
643-38-7867,A,Yangon,102.837,"Below Average"
308-81-0538,A,Yangon,306.81,"Below Average"
358-88-9262,C,Naypyitaw,551.124,"Above Average"
460-35-4390,A,Yangon,96.642,"Below Average"
343-87-0864,C,Naypyitaw,79.674,"Below Average"
173-50-1108,B,Mandalay,84.756,"Below Average"
243-47-2663,C,Naypyitaw,118.251,"Below Average"
841-18-8232,B,Mandalay,74.76,"Below Average"
701-23-5550,B,Mandalay,163.002,"Below Average"
647-50-1224,A,Yangon,308.91,"Below Average"
541-48-8554,A,Yangon,575.9775,"Above Average"
539-21-7227,B,Mandalay,270.585,"Below Average"
213-32-1216,A,Yangon,416.178,"Above Average"
747-58-7183,B,Mandalay,180.4005,"Below Average"
582-52-8065,B,Mandalay,513.2295,"Above Average"
210-57-1719,B,Mandalay,550.368,"Above Average"
399-69-4630,C,Naypyitaw,139.923,"Below Average"
134-75-2619,A,Yangon,142.002,"Below Average"
356-44-8813,B,Mandalay,118.062,"Below Average"
198-66-9832,B,Mandalay,151.284,"Below Average"
283-26-5248,C,Naypyitaw,1034.46,"Above Average"
712-39-0363,A,Yangon,262.458,"Below Average"
218-59-9410,A,Yangon,228.123,"Below Average"
174-75-0888,B,Mandalay,203.931,"Below Average"
866-99-7614,C,Naypyitaw,936.6,"Above Average"
134-54-4720,B,Mandalay,356.328,"Above Average"
760-90-2357,A,Yangon,469.413,"Above Average"
514-37-2845,B,Mandalay,208.425,"Below Average"
698-98-5964,A,Yangon,852.705,"Above Average"
718-57-9773,C,Naypyitaw,517.965,"Above Average"
651-88-7328,A,Yangon,621.243,"Above Average"
241-11-2261,B,Mandalay,586.971,"Above Average"
408-26-9866,C,Naypyitaw,543.753,"Above Average"
834-83-1826,B,Mandalay,430.71,"Above Average"
343-61-3544,B,Mandalay,280.035,"Below Average"
239-48-4278,A,Yangon,74.4555,"Below Average"
355-34-6244,B,Mandalay,152.019,"Below Average"
550-84-8664,A,Yangon,451.0275,"Above Average"
339-96-8318,B,Mandalay,597.6285,"Above Average"
458-61-0011,B,Mandalay,253.26,"Below Average"
592-34-6155,C,Naypyitaw,133.434,"Below Average"
797-88-0493,A,Yangon,269.934,"Below Average"
207-73-1363,B,Mandalay,145.971,"Below Average"
390-31-6381,C,Naypyitaw,85.743,"Below Average"
443-82-0585,A,Yangon,326.256,"Above Average"
339-18-7061,C,Naypyitaw,195.258,"Below Average"
359-90-3665,B,Mandalay,75.936,"Below Average"
375-72-3056,B,Mandalay,198.639,"Below Average"
127-47-6963,A,Yangon,217.182,"Below Average"
278-86-2735,A,Yangon,164.871,"Below Average"
695-28-6250,A,Yangon,226.065,"Below Average"
379-17-6588,C,Naypyitaw,625.905,"Above Average"
227-50-3718,A,Yangon,76.755,"Below Average"
302-15-2162,C,Naypyitaw,293.139,"Below Average"
788-07-8452,C,Naypyitaw,178.164,"Below Average"
560-49-6611,A,Yangon,47.859,"Below Average"
880-35-0356,A,Yangon,236.88,"Below Average"
585-11-6748,B,Mandalay,304.92,"Below Average"
470-31-3286,B,Mandalay,46.683,"Below Average"
152-68-2907,A,Yangon,164.43,"Below Average"
123-35-4896,C,Naypyitaw,440.937,"Above Average"
258-69-7810,C,Naypyitaw,193.4625,"Below Average"
334-64-2006,A,Yangon,147.672,"Below Average"
219-61-4139,C,Naypyitaw,87.234,"Below Average"
881-41-7302,C,Naypyitaw,68.2395,"Below Average"
373-09-4567,C,Naypyitaw,814.38,"Above Average"
642-30-6693,B,Mandalay,343.413,"Above Average"
484-22-8230,C,Naypyitaw,381.3915,"Above Average"
830-58-2383,B,Mandalay,133.35,"Below Average"
559-98-9873,A,Yangon,394.3275,"Above Average"
544-32-5024,C,Naypyitaw,209.118,"Below Average"
318-12-0304,A,Yangon,32.1405,"Below Average"
349-97-8902,B,Mandalay,121.569,"Below Average"
421-95-9805,A,Yangon,30.408,"Below Average"
277-35-5865,C,Naypyitaw,935.2665,"Above Average"
789-23-8625,B,Mandalay,293.643,"Below Average"
284-54-4231,C,Naypyitaw,84.9765,"Below Average"
443-59-0061,A,Yangon,708.225,"Above Average"
509-29-3912,A,Yangon,365.904,"Above Average"
327-40-9673,B,Mandalay,457.38,"Above Average"
840-19-2096,C,Naypyitaw,461.5275,"Above Average"
828-46-6863,A,Yangon,620.739,"Above Average"
641-96-3695,C,Naypyitaw,273.798,"Below Average"
420-97-3340,A,Yangon,225.792,"Below Average"
436-54-4512,A,Yangon,96.1905,"Below Average"
670-79-6321,B,Mandalay,695.2365,"Above Average"
852-62-7105,B,Mandalay,874.125,"Above Average"
598-06-7312,B,Mandalay,95.9175,"Below Average"
135-13-8269,B,Mandalay,165.648,"Below Average"
816-57-2053,A,Yangon,127.827,"Below Average"
628-90-8624,B,Mandalay,867.09,"Above Average"
856-66-2701,A,Yangon,167.895,"Below Average"
308-39-1707,A,Yangon,12.6945,"Below Average"
149-61-1929,A,Yangon,673.995,"Above Average"
655-07-2265,A,Yangon,246.6765,"Below Average"
589-02-8023,A,Yangon,175.917,"Below Average"
420-04-7590,B,Mandalay,314.055,"Below Average"
182-88-2763,B,Mandalay,251.7165,"Below Average"
188-55-0967,B,Mandalay,697.935,"Above Average"
610-46-4100,A,Yangon,212.7825,"Below Average"
318-81-2368,C,Naypyitaw,48.51,"Below Average"
364-33-8584,B,Mandalay,92.5575,"Below Average"
665-63-9737,B,Mandalay,165.123,"Below Average"
695-09-5146,B,Mandalay,311.1885,"Below Average"
155-45-3814,C,Naypyitaw,743.82,"Above Average"
794-32-2436,B,Mandalay,116.907,"Below Average"
131-15-8856,C,Naypyitaw,609.168,"Above Average"
273-84-2164,C,Naypyitaw,63.2625,"Below Average"
706-36-6154,A,Yangon,182.952,"Below Average"
778-89-7974,C,Naypyitaw,442.323,"Above Average"
574-31-8277,B,Mandalay,35.3115,"Below Average"
859-71-0933,C,Naypyitaw,32.529,"Below Average"
740-11-5257,C,Naypyitaw,259.77,"Below Average"
369-82-2676,B,Mandalay,397.215,"Above Average"
563-47-4072,B,Mandalay,351.603,"Above Average"
742-04-5161,A,Yangon,764.19,"Above Average"
149-15-7606,B,Mandalay,352.674,"Above Average"
133-77-3154,B,Mandalay,252.756,"Below Average"
169-52-4504,A,Yangon,49.4235,"Below Average"
250-81-7186,C,Naypyitaw,104.6745,"Below Average"
562-12-5430,A,Yangon,277.6725,"Below Average"
816-72-8853,A,Yangon,146.6325,"Below Average"
491-38-3499,A,Yangon,58.2225,"Below Average"
322-02-2271,B,Mandalay,135.3555,"Below Average"
842-29-4695,C,Naypyitaw,125.979,"Below Average"
725-67-2480,B,Mandalay,370.125,"Above Average"
641-51-2661,C,Naypyitaw,914.55,"Above Average"
714-02-3114,C,Naypyitaw,207.48,"Below Average"
518-17-2983,A,Yangon,204.246,"Below Average"
779-42-2410,B,Mandalay,181.881,"Below Average"
190-14-3147,B,Mandalay,75.474,"Below Average"
408-66-6712,C,Naypyitaw,300.573,"Below Average"
679-22-6530,B,Mandalay,85.302,"Below Average"
588-47-8641,A,Yangon,588.42,"Above Average"
642-61-4706,B,Mandalay,196.14,"Below Average"
576-31-4774,B,Mandalay,231.2415,"Below Average"
556-41-6224,C,Naypyitaw,282.576,"Below Average"
811-03-8790,A,Yangon,477.54,"Above Average"
242-11-3142,B,Mandalay,175.917,"Below Average"
752-23-3760,B,Mandalay,470.988,"Above Average"
274-05-5470,A,Yangon,308.574,"Below Average"
648-94-3045,C,Naypyitaw,618.975,"Above Average"
130-67-4723,A,Yangon,305.55,"Below Average"
528-87-5606,B,Mandalay,41.454,"Below Average"
320-85-2052,B,Mandalay,36.5505,"Below Average"
370-96-0655,C,Naypyitaw,310.716,"Below Average"
105-10-6182,A,Yangon,45.108,"Below Average"
510-79-0415,B,Mandalay,145.404,"Below Average"
241-96-5076,B,Mandalay,103.11,"Below Average"
767-97-4650,B,Mandalay,136.143,"Below Average"
648-83-1321,A,Yangon,667.38,"Above Average"
173-57-2300,C,Naypyitaw,153.048,"Below Average"
305-03-2383,A,Yangon,211.365,"Below Average"
394-55-6384,C,Naypyitaw,663.2955,"Above Average"
266-20-6657,C,Naypyitaw,404.544,"Above Average"
689-05-1884,A,Yangon,510.615,"Above Average"
196-01-2849,C,Naypyitaw,539.343,"Above Average"
372-62-5264,C,Naypyitaw,497.07,"Above Average"
800-09-8606,A,Yangon,458.6925,"Above Average"
182-52-7000,A,Yangon,113.568,"Below Average"
826-58-8051,B,Mandalay,261.198,"Below Average"
868-06-0466,A,Yangon,657.531,"Above Average"
751-41-9720,C,Naypyitaw,1023.75,"Above Average"
626-43-7888,C,Naypyitaw,507.444,"Above Average"
176-64-7711,B,Mandalay,101.808,"Below Average"
191-29-0321,B,Mandalay,207.585,"Below Average"
729-06-2010,B,Mandalay,760.4415,"Above Average"
640-48-5028,B,Mandalay,835.2855,"Above Average"
186-79-9562,B,Mandalay,527.5095,"Above Average"
834-45-5519,B,Mandalay,180.6,"Below Average"
162-65-8559,C,Naypyitaw,72.429,"Below Average"
760-27-5490,C,Naypyitaw,131.208,"Below Average"
445-30-9252,A,Yangon,80.955,"Below Average"
786-94-2700,A,Yangon,507.906,"Above Average"
728-88-7867,C,Naypyitaw,317.226,"Below Average"
183-21-3799,C,Naypyitaw,733.6035,"Above Average"
268-20-3585,C,Naypyitaw,130.8825,"Below Average"
735-32-9839,C,Naypyitaw,829.08,"Above Average"
258-92-7466,A,Yangon,187.32,"Below Average"
857-16-3520,A,Yangon,525.231,"Above Average"
482-17-1179,A,Yangon,37.611,"Below Average"
788-21-5741,A,Yangon,142.947,"Below Average"
821-14-9046,B,Mandalay,110.124,"Below Average"
418-05-0656,B,Mandalay,187.866,"Below Average"
678-79-0726,C,Naypyitaw,856.4535,"Above Average"
776-68-1096,B,Mandalay,138.978,"Below Average"
592-46-1692,C,Naypyitaw,270.2595,"Below Average"
434-35-9162,B,Mandalay,98.028,"Below Average"
149-14-0304,C,Naypyitaw,239.4,"Below Average"
442-44-6497,C,Naypyitaw,175.0455,"Below Average"
174-64-0215,B,Mandalay,732.27,"Above Average"
210-74-9613,C,Naypyitaw,408.492,"Above Average"
299-29-0180,B,Mandalay,383.523,"Above Average"
247-11-2470,A,Yangon,93.744,"Below Average"
635-28-5728,A,Yangon,176.4,"Below Average"
756-49-0168,A,Yangon,20.685,"Below Average"
438-23-1242,B,Mandalay,557.718,"Above Average"
238-45-6950,B,Mandalay,56.406,"Below Average"
607-65-2441,C,Naypyitaw,860.475,"Above Average"
386-27-7606,C,Naypyitaw,596.82,"Above Average"
137-63-5492,C,Naypyitaw,616.98,"Above Average"
197-77-7132,B,Mandalay,769.104,"Above Average"
805-86-0265,A,Yangon,887.922,"Above Average"
733-29-1227,C,Naypyitaw,408.7335,"Above Average"
451-73-2711,C,Naypyitaw,89.0715,"Below Average"
373-14-0504,A,Yangon,150.423,"Below Average"
546-80-2899,A,Yangon,79.149,"Below Average"
345-68-9016,C,Naypyitaw,266.028,"Below Average"
390-17-5806,C,Naypyitaw,40.341,"Below Average"
457-13-1708,B,Mandalay,684.915,"Above Average"
664-14-2882,C,Naypyitaw,55.2825,"Below Average"
487-79-6868,B,Mandalay,116.1405,"Below Average"
314-23-4520,C,Naypyitaw,597.0405,"Above Average"
210-30-7976,B,Mandalay,93.744,"Below Average"
585-86-8361,A,Yangon,143.22,"Below Average"
807-14-7833,A,Yangon,182.91,"Below Average"
775-72-1988,B,Mandalay,384.72,"Above Average"
288-38-3758,C,Naypyitaw,267.3405,"Below Average"
652-43-6591,A,Yangon,817.236,"Above Average"
785-96-0615,B,Mandalay,300.216,"Below Average"
406-46-7107,A,Yangon,608.076,"Above Average"
250-17-5703,A,Yangon,197.925,"Below Average"
156-95-3964,A,Yangon,232.638,"Below Average"
842-40-8179,B,Mandalay,810.6,"Above Average"
525-09-8450,B,Mandalay,757.365,"Above Average"
410-67-1709,A,Yangon,536.592,"Above Average"
587-73-4862,A,Yangon,56.1225,"Below Average"
787-87-2010,A,Yangon,233.1,"Below Average"
593-14-4239,B,Mandalay,801.864,"Above Average"
801-88-0346,C,Naypyitaw,239.589,"Below Average"
388-76-2555,B,Mandalay,86.247,"Below Average"
711-31-1234,B,Mandalay,401.688,"Above Average"
886-54-6089,A,Yangon,72.009,"Below Average"
707-32-7409,B,Mandalay,401.268,"Above Average"
759-98-4285,C,Naypyitaw,631.1445,"Above Average"
201-63-8275,C,Naypyitaw,499.7265,"Above Average"
471-06-8611,C,Naypyitaw,55.041,"Below Average"
200-16-5952,C,Naypyitaw,137.865,"Below Average"
120-54-2248,B,Mandalay,151.515,"Below Average"
102-77-2261,C,Naypyitaw,480.0285,"Above Average"
875-31-8302,B,Mandalay,98.049,"Below Average"
102-06-2002,C,Naypyitaw,132.5625,"Below Average"
457-94-0464,B,Mandalay,830.3715,"Above Average"
629-42-4133,C,Naypyitaw,183.12,"Below Average"
534-53-3526,A,Yangon,397.992,"Above Average"
307-04-2070,A,Yangon,32.151,"Below Average"
468-99-7231,C,Naypyitaw,369.684,"Above Average"
516-77-6464,C,Naypyitaw,53.34,"Below Average"
404-91-5964,A,Yangon,548.163,"Above Average"
886-77-9084,C,Naypyitaw,603.876,"Above Average"
790-38-4466,C,Naypyitaw,57.6975,"Below Average"
704-10-4056,C,Naypyitaw,190.4805,"Below Average"
497-37-6538,A,Yangon,432.9885,"Above Average"
651-96-5970,A,Yangon,48.7305,"Below Average"
400-80-4065,C,Naypyitaw,287.91,"Below Average"
744-16-7898,B,Mandalay,1022.385,"Above Average"
263-12-5321,A,Yangon,680.61,"Above Average"
702-72-0487,A,Yangon,97.881,"Below Average"
605-83-1050,B,Mandalay,57.078,"Below Average"
443-60-9639,C,Naypyitaw,63.9135,"Below Average"
864-24-7918,A,Yangon,257.145,"Below Average"
359-94-5395,B,Mandalay,97.419,"Below Average"
401-09-4232,C,Naypyitaw,455.1225,"Above Average"
751-15-6198,B,Mandalay,144.963,"Below Average"
324-41-6833,C,Naypyitaw,253.68,"Below Average"
474-33-8305,C,Naypyitaw,495.3165,"Above Average"
759-29-9521,A,Yangon,462.672,"Above Average"
831-81-6575,B,Mandalay,714.3255,"Above Average"
220-68-6701,A,Yangon,325.374,"Above Average"
618-34-8551,A,Yangon,195.678,"Below Average"
257-60-7754,A,Yangon,210.966,"Below Average"
559-61-5987,B,Mandalay,18.6375,"Below Average"
189-55-2313,C,Naypyitaw,652.89,"Above Average"
565-91-4567,B,Mandalay,90.3,"Below Average"
380-60-5336,A,Yangon,422.73,"Above Average"
815-04-6282,C,Naypyitaw,341.0925,"Above Average"
674-56-6360,A,Yangon,99.9075,"Below Average"
778-34-2523,A,Yangon,408.408,"Above Average"
499-27-7781,B,Mandalay,446.964,"Above Average"
477-59-2456,C,Naypyitaw,333.984,"Above Average"
832-51-6761,A,Yangon,284.592,"Below Average"
869-11-3082,B,Mandalay,403.872,"Above Average"
190-59-3964,B,Mandalay,247.59,"Below Average"
366-43-6862,B,Mandalay,222.138,"Below Average"
186-43-8965,A,Yangon,100.128,"Below Average"
784-21-9238,C,Naypyitaw,10.6785,"Below Average"
276-75-6884,A,Yangon,216.4365,"Below Average"
109-86-4363,B,Mandalay,441.588,"Above Average"
569-76-2760,A,Yangon,92.442,"Below Average"
222-42-0244,B,Mandalay,681.4395,"Above Average"
760-53-9233,A,Yangon,130.032,"Below Average"
538-22-0304,C,Naypyitaw,681.975,"Above Average"
416-17-9926,A,Yangon,779.31,"Above Average"
237-44-6163,A,Yangon,88.704,"Below Average"
636-17-0325,B,Mandalay,262.794,"Below Average"
343-75-9322,B,Mandalay,99.54,"Below Average"
528-14-9470,A,Yangon,95.865,"Below Average"
427-45-9297,B,Mandalay,299.3655,"Below Average"
807-34-3742,A,Yangon,54.999,"Below Average"
288-62-1085,A,Yangon,202.335,"Below Average"
670-71-7306,B,Mandalay,281.169,"Below Average"
660-29-7083,C,Naypyitaw,586.635,"Above Average"
271-77-8740,C,Naypyitaw,184.086,"Below Average"
497-36-0989,A,Yangon,163.611,"Below Average"
291-59-1384,B,Mandalay,63.315,"Below Average"
860-73-6466,A,Yangon,82.887,"Below Average"
549-23-9016,C,Naypyitaw,31.227,"Below Average"
896-34-0956,A,Yangon,22.386,"Below Average"
804-38-3935,A,Yangon,295.407,"Below Average"
585-90-0249,A,Yangon,76.923,"Below Average"
862-29-5914,C,Naypyitaw,23.499,"Below Average"
845-94-6841,C,Naypyitaw,688.716,"Above Average"
125-45-2293,A,Yangon,624.33,"Above Average"
843-73-4724,A,Yangon,77.805,"Below Average"
409-33-9708,A,Yangon,206.808,"Below Average"
658-66-3967,C,Naypyitaw,390.9465,"Above Average"
866-70-2814,B,Mandalay,554.295,"Above Average"
160-22-2687,A,Yangon,503.7375,"Above Average"
895-03-6665,B,Mandalay,345.0195,"Above Average"
770-42-8960,B,Mandalay,177.408,"Below Average"
748-45-2862,A,Yangon,118.902,"Below Average"
234-36-2483,B,Mandalay,362.817,"Above Average"
316-66-3011,A,Yangon,450.1035,"Above Average"
848-95-6252,C,Naypyitaw,90.5835,"Below Average"
840-76-5966,A,Yangon,26.796,"Below Average"
152-03-4217,B,Mandalay,106.596,"Below Average"
533-66-5566,B,Mandalay,375.3645,"Above Average"
124-31-1458,A,Yangon,250.7085,"Below Average"
176-78-1170,C,Naypyitaw,106.5015,"Below Average"
361-59-0574,B,Mandalay,760.452,"Above Average"
101-81-4070,C,Naypyitaw,131.922,"Below Average"
631-34-1880,C,Naypyitaw,76.5765,"Below Average"
852-82-2749,A,Yangon,271.278,"Below Average"
873-14-6353,A,Yangon,182.427,"Below Average"
584-66-4073,C,Naypyitaw,59.325,"Below Average"
544-55-9589,B,Mandalay,225.015,"Below Average"
166-19-2553,A,Yangon,561.078,"Above Average"
737-88-5876,A,Yangon,97.818,"Below Average"
154-87-7367,C,Naypyitaw,548.184,"Above Average"
885-56-0389,C,Naypyitaw,54.9675,"Below Average"
608-05-3804,B,Mandalay,41.7375,"Below Average"
448-61-3783,A,Yangon,756.168,"Above Average"
761-49-0439,B,Mandalay,101.64,"Below Average"
490-95-0021,B,Mandalay,348.705,"Above Average"
115-38-7388,C,Naypyitaw,85.512,"Below Average"
311-13-6971,B,Mandalay,335.895,"Above Average"
291-55-6563,A,Yangon,216.846,"Below Average"
548-48-3156,A,Yangon,175.014,"Below Average"
460-93-5834,A,Yangon,335.013,"Above Average"
325-89-4209,A,Yangon,92.295,"Below Average"
884-80-6021,A,Yangon,771.435,"Above Average"
137-74-8729,C,Naypyitaw,102.396,"Below Average"
880-46-5796,A,Yangon,807.66,"Above Average"
389-70-2397,C,Naypyitaw,439.215,"Above Average"
114-35-5271,B,Mandalay,486.444,"Above Average"
607-76-6216,C,Naypyitaw,485.5725,"Above Average"
715-20-1673,B,Mandalay,148.995,"Below Average"
811-35-1094,B,Mandalay,317.835,"Below Average"
699-88-1972,B,Mandalay,832.944,"Above Average"
781-84-8059,C,Naypyitaw,446.439,"Above Average"
409-49-6995,C,Naypyitaw,297.801,"Below Average"
725-54-0677,C,Naypyitaw,629.16,"Above Average"
146-09-5432,A,Yangon,331.128,"Above Average"
377-79-7592,C,Naypyitaw,423.738,"Above Average"
509-10-0516,B,Mandalay,193.074,"Below Average"
595-94-9924,A,Yangon,145.5825,"Below Average"
865-41-9075,A,Yangon,84.7455,"Below Average"
545-07-8534,C,Naypyitaw,122.472,"Below Average"
118-62-1812,C,Naypyitaw,329.196,"Above Average"
450-42-3339,C,Naypyitaw,888.405,"Above Average"
851-98-3555,B,Mandalay,435.12,"Above Average"
186-71-5196,A,Yangon,167.034,"Below Average"
624-01-8356,B,Mandalay,514.605,"Above Average"
313-66-9943,B,Mandalay,91.8225,"Below Average"
151-27-8496,C,Naypyitaw,235.746,"Below Average"
453-33-6436,A,Yangon,782.208,"Above Average"
522-57-8364,A,Yangon,431.256,"Above Average"
459-45-2396,A,Yangon,313.74,"Below Average"
717-96-4189,C,Naypyitaw,223.587,"Below Average"
722-13-2115,C,Naypyitaw,44.9925,"Below Average"
749-81-8133,A,Yangon,397.614,"Above Average"
777-67-2495,B,Mandalay,217.2555,"Below Average"
636-98-3364,B,Mandalay,82.719,"Below Average"
246-55-6923,C,Naypyitaw,338.2155,"Above Average"
181-82-6255,B,Mandalay,103.131,"Below Average"
838-02-1821,C,Naypyitaw,26.733,"Below Average"
887-42-0517,C,Naypyitaw,611.079,"Above Average"
457-12-0244,C,Naypyitaw,221.886,"Below Average"
226-34-0034,B,Mandalay,57.876,"Below Average"
321-49-7382,B,Mandalay,92.7255,"Below Average"
397-25-8725,A,Yangon,374.409,"Above Average"
431-66-2305,B,Mandalay,833.9625,"Above Average"
825-94-5922,B,Mandalay,53.151,"Below Average"
641-62-7288,B,Mandalay,629.496,"Above Average"
756-93-1854,C,Naypyitaw,175.035,"Below Average"
243-55-8457,A,Yangon,781.62,"Above Average"
458-10-8612,C,Naypyitaw,470.988,"Above Average"
501-61-1753,B,Mandalay,397.845,"Above Average"
235-06-8510,C,Naypyitaw,270.018,"Below Average"
433-08-7822,C,Naypyitaw,579.8415,"Above Average"
361-85-2571,A,Yangon,469.77,"Above Average"
131-70-8179,A,Yangon,290.0835,"Below Average"
500-02-2261,C,Naypyitaw,360.927,"Above Average"
720-72-2436,A,Yangon,279.384,"Below Average"
702-83-5291,C,Naypyitaw,943.299,"Above Average"
809-69-9497,A,Yangon,479.64,"Above Average"
449-16-6770,A,Yangon,266.6475,"Below Average"
333-23-2632,A,Yangon,74.088,"Below Average"
489-82-1237,A,Yangon,690.018,"Above Average"
859-97-6048,C,Naypyitaw,176.925,"Below Average"
676-10-2200,B,Mandalay,56.469,"Below Average"
373-88-1424,C,Naypyitaw,188.0025,"Below Average"
365-16-4334,B,Mandalay,222.012,"Below Average"
503-21-4385,B,Mandalay,125.7165,"Below Average"
305-89-2768,B,Mandalay,68.985,"Below Average"
574-80-1489,B,Mandalay,263.97,"Below Average"
784-08-0310,C,Naypyitaw,88.368,"Below Average"
200-40-6154,B,Mandalay,415.233,"Above Average"
846-10-0341,A,Yangon,312.8895,"Below Average"
577-34-7579,C,Naypyitaw,477.1305,"Above Average"
430-02-3888,B,Mandalay,289.926,"Below Average"
867-47-1948,C,Naypyitaw,165.9,"Below Average"
384-59-6655,A,Yangon,932.337,"Above Average"
256-58-3609,C,Naypyitaw,96.579,"Below Average"
324-92-3863,A,Yangon,43.869,"Below Average"
593-08-5916,A,Yangon,16.275,"Below Average"
364-34-2972,C,Naypyitaw,304.983,"Below Average"
794-42-3736,B,Mandalay,69.993,"Below Average"
172-42-8274,B,Mandalay,80.367,"Below Average"
558-60-5016,A,Yangon,314.685,"Below Average"
195-06-0432,A,Yangon,255.1815,"Below Average"
605-03-2706,A,Yangon,49.77,"Below Average"
214-30-2776,B,Mandalay,181.0725,"Below Average"
746-04-1077,B,Mandalay,888.615,"Above Average"
448-34-8700,B,Mandalay,271.2885,"Below Average"
452-04-8808,B,Mandalay,640.038,"Above Average"
531-56-4728,A,Yangon,252.252,"Below Average"
744-82-9138,C,Naypyitaw,180.873,"Below Average"
883-69-1285,B,Mandalay,104.832,"Below Average"
221-25-5073,A,Yangon,313.572,"Below Average"
518-71-6847,B,Mandalay,167.58,"Below Average"
156-20-0370,B,Mandalay,26.7225,"Below Average"
151-33-7434,B,Mandalay,71.1585,"Below Average"
728-47-9078,C,Naypyitaw,250.278,"Below Average"
809-46-1866,A,Yangon,244.23,"Below Average"
139-32-4183,A,Yangon,921.186,"Above Average"
148-41-7930,C,Naypyitaw,734.706,"Above Average"
189-40-5216,C,Naypyitaw,708.3195,"Above Average"
374-38-5555,B,Mandalay,334.4775,"Above Average"
764-44-8999,B,Mandalay,30.996,"Below Average"
552-44-5977,B,Mandalay,520.8,"Above Average"
267-62-7380,C,Naypyitaw,864.57,"Above Average"
430-53-4718,B,Mandalay,633.108,"Above Average"
886-18-2897,A,Yangon,296.94,"Below Average"
602-16-6955,B,Mandalay,804.3,"Above Average"
745-74-0715,A,Yangon,121.863,"Below Average"
690-01-6631,B,Mandalay,183.645,"Below Average"
652-49-6720,C,Naypyitaw,63.9975,"Below Average"
233-67-5758,C,Naypyitaw,42.3675,"Below Average"
303-96-2227,B,Mandalay,1022.49,"Above Average"
727-02-1313,A,Yangon,33.432,"Below Average"
347-56-2442,A,Yangon,69.111,"Below Average"
849-09-3807,A,Yangon,649.299,"Above Average"
